participant_id,alv1,alv2,alv3,alv4,alv5,aia1,aia2,aia3,aia4,aia5,odp1,odp2,odp3,odp4,alv_total,aia_total,odp_total
1,1.87,1.94,1.6,1.96,2.13,1.73,1.92,1.59,1.47,1.84,1.39,2.15,1.36,1.62,1.9,1.71,1.63
2,4.94,4.71,4.63,4.72,5.0,4.88,4.6,4.92,4.63,4.47,4.25,4.42,4.44,4.49,4.8,4.7,4.4
3,3.34,3.66,3.69,3.73,3.48,2.82,2.98,3.06,3.37,3.22,2.68,2.77,2.75,3.28,3.58,3.09,2.87
4,3.45,3.54,3.48,3.84,3.59,3.02,3.51,2.96,2.94,3.02,3.16,3.11,2.47,2.74,3.58,3.09,2.87
5,3.62,3.58,3.57,3.4,3.73,2.74,3.23,3.28,2.93,3.27,2.69,2.88,2.76,3.15,3.58,3.09,2.87
6,2.19,1.91,1.64,2.1,1.66,4.56,4.68,4.81,4.69,4.76,3.99,3.45,3.83,4.01,1.9,4.7,3.82
7,4.17,3.35,3.33,3.77,3.28,3.22,3.21,2.98,3.04,3.0,2.68,3.23,2.9,2.67,3.58,3.09,2.87
8,2.82,2.3,2.48,2.61,2.64,1.84,1.92,1.33,1.97,1.94,4.45,4.33,4.52,4.3,2.57,1.8,4.4
9,3.62,3.78,3.66,3.15,3.69,3.32,2.61,3.38,3.31,2.83,2.69,3.02,2.83,2.94,3.58,3.09,2.87
10,3.84,3.56,3.46,3.35,3.69,2.87,2.88,3.04,3.3,3.36,3.5,2.81,2.58,2.59,3.58,3.09,2.87
11,3.66,3.35,3.53,3.48,3.88,2.93,3.08,2.81,3.3,3.33,3.16,2.7,2.74,2.88,3.58,3.09,2.87
12,3.74,3.77,3.74,3.36,3.29,2.82,3.61,3.23,2.89,2.9,2.89,2.94,3.02,2.63,3.58,3.09,2.87
13,3.56,3.63,3.73,3.29,3.69,2.86,3.27,3.09,3.39,2.84,3.07,2.71,2.92,2.78,3.58,3.09,2.87
14,3.97,3.95,4.17,4.2,4.31,3.31,3.57,3.58,3.34,3.8,2.37,2.48,2.46,2.49,4.12,3.52,2.45
15,3.37,3.85,3.41,3.39,3.88,2.47,3.39,3.14,3.2,3.25,2.75,2.71,2.86,3.16,3.58,3.09,2.87
16,2.04,1.81,1.95,1.85,1.85,4.87,4.9,4.49,4.62,4.62,3.73,4.25,3.69,3.61,1.9,4.7,3.82
17,2.03,1.91,1.83,1.72,2.01,4.79,4.69,4.55,4.62,4.85,3.92,3.83,3.45,4.08,1.9,4.7,3.82
18,3.4,3.42,3.67,4.1,3.31,3.21,2.91,3.35,3.04,2.94,2.78,3.02,3.04,2.64,3.58,3.09,2.87
19,4.54,4.23,3.72,4.39,4.37,2.3,2.0,2.5,2.29,2.36,1.85,1.77,1.54,1.28,4.25,2.29,1.61
20,3.54,3.74,3.57,3.35,3.7,3.21,3.19,2.86,2.86,3.33,2.63,2.98,3.06,2.81,3.58,3.09,2.87
21,3.45,3.82,3.31,3.64,3.68,3.1,3.23,2.87,3.37,2.88,2.66,3.08,3.06,2.68,3.58,3.09,2.87
22,2.76,2.42,1.96,2.87,2.84,1.92,2.11,1.95,1.72,2.15,4.35,4.55,4.12,4.58,2.57,1.97,4.4
23,3.84,3.06,3.79,3.41,3.8,3.49,3.09,2.79,2.8,3.28,2.78,2.76,2.86,3.08,3.58,3.09,2.87
24,3.66,3.72,3.87,3.68,2.97,3.37,3.3,3.22,3.09,2.47,2.59,2.95,2.88,3.06,3.58,3.09,2.87
25,3.41,3.8,3.41,3.46,3.82,2.8,3.32,2.82,3.17,3.34,3.09,3.15,2.81,2.43,3.58,3.09,2.87
26,4.29,3.75,4.52,4.31,4.38,2.14,2.35,1.93,2.55,2.48,1.66,1.39,1.56,1.83,4.25,2.29,1.61
27,4.57,4.94,5.0,4.69,4.8,5.0,4.4,4.85,4.54,4.71,3.11,3.29,2.78,2.82,4.8,4.7,3.0
28,3.57,3.53,3.6,3.37,3.83,2.9,2.96,3.02,3.37,3.2,3.03,3.05,2.39,3.01,3.58,3.09,2.87
29,3.75,3.56,3.35,3.65,3.59,3.0,3.19,2.61,3.37,3.28,2.66,2.78,3.0,3.04,3.58,3.09,2.87
30,3.71,3.85,3.06,3.7,3.58,2.87,3.12,2.8,3.51,3.15,2.9,2.76,3.1,2.72,3.58,3.09,2.87
31,2.22,1.77,1.63,1.95,1.93,4.49,5.0,4.6,4.41,5.0,3.77,3.96,3.63,3.92,1.9,4.7,3.82
32,1.63,2.35,2.02,1.78,1.72,4.66,4.74,4.96,4.14,5.0,3.81,4.11,3.43,3.93,1.9,4.7,3.82
33,3.7,3.31,3.71,3.78,3.4,3.2,3.1,2.9,3.12,3.13,3.29,2.7,2.78,2.71,3.58,3.09,2.87
34,3.32,3.6,3.79,3.63,3.56,3.18,3.01,2.82,3.08,3.36,3.12,2.29,3.12,2.95,3.58,3.09,2.87
35,3.48,3.54,3.71,3.6,3.57,3.24,3.28,3.29,3.09,2.55,2.57,3.59,2.68,2.64,3.58,3.09,2.87
36,3.37,3.59,3.83,3.65,3.46,3.2,2.82,3.02,3.33,3.08,3.07,3.0,2.9,2.51,3.58,3.09,2.87
37,3.33,3.62,3.68,3.65,3.62,2.96,3.37,3.0,3.23,2.89,2.96,3.12,2.91,2.49,3.58,3.09,2.87
38,4.03,4.32,4.18,4.22,4.5,2.28,2.44,2.06,2.3,2.37,1.62,1.62,1.65,1.55,4.25,2.29,1.61
39,3.54,3.62,3.29,3.8,3.65,3.3,3.31,3.11,2.9,2.83,3.05,2.65,2.65,3.13,3.58,3.09,2.87
40,3.43,3.48,3.55,4.0,3.44,2.89,2.98,3.37,3.16,3.05,2.77,3.47,2.65,2.59,3.58,3.09,2.87
41,3.45,3.77,3.61,3.51,3.56,2.61,3.35,3.24,2.89,3.36,3.48,2.63,2.72,2.65,3.58,3.09,2.87
42,3.79,3.35,3.45,3.77,3.54,3.07,3.16,3.13,3.17,2.92,2.82,2.81,3.28,2.57,3.58,3.09,2.87
43,2.46,2.29,2.87,2.67,2.56,1.59,2.19,1.55,2.01,1.66,4.68,3.87,4.46,4.59,2.57,1.8,4.4
44,4.02,4.16,4.51,4.07,4.39,2.81,2.71,2.16,2.14,2.28,1.9,1.6,1.79,1.67,4.23,2.42,1.74
45,3.68,3.11,3.69,3.63,3.79,3.35,2.9,3.01,3.27,2.92,3.01,2.85,3.03,2.59,3.58,3.09,2.87
46,4.41,4.34,4.12,4.48,3.9,2.56,1.99,2.3,2.55,2.05,1.71,1.51,1.78,1.44,4.25,2.29,1.61
47,3.6,4.07,3.5,3.43,3.3,3.08,3.34,2.92,3.05,3.06,2.59,2.9,2.96,3.03,3.58,3.09,2.87
48,3.18,3.68,3.66,3.71,3.67,3.23,3.37,2.52,3.35,2.98,2.61,2.76,3.16,2.95,3.58,3.09,2.87
49,3.69,3.57,3.57,3.5,3.57,2.86,3.3,2.86,3.32,3.11,2.87,2.77,3.15,2.69,3.58,3.09,2.87
50,1.83,1.71,2.19,1.92,1.85,4.78,4.88,4.94,4.95,3.95,4.05,3.8,3.91,3.52,1.9,4.7,3.82
