id,gender,age,major,english_level,alv1,alv2,alv3,alv4,alv5,aia1,aia2,aia3,aia4,aia5,odp1,odp2,odp3,odp4,alv_total,aia_total,odp_total
1,,,,,,,,,,,,,,,,,,,,,
2,,,,,,,,,,,,,,,,,,,,,
3,,,,,,,,,,,,,,,,,,,,,
4,,,,,,,,,,,,,,,,,,,,,
5,,,,,,,,,,,,,,,,,,,,,
6,,,,,,,,,,,,,,,,,,,,,
7,,,,,,,,,,,,,,,,,,,,,
8,,,,,,,,,,,,,,,,,,,,,
9,,,,,,,,,,,,,,,,,,,,,
10,,,,,,,,,,,,,,,,,,,,,
11,,,,,,,,,,,,,,,,,,,,,
12,,,,,,,,,,,,,,,,,,,,,
13,,,,,,,,,,,,,,,,,,,,,
14,,,,,,,,,,,,,,,,,,,,,
15,,,,,,,,,,,,,,,,,,,,,
16,,,,,,,,,,,,,,,,,,,,,
17,,,,,,,,,,,,,,,,,,,,,
18,,,,,,,,,,,,,,,,,,,,,
19,,,,,,,,,,,,,,,,,,,,,
20,,,,,,,,,,,,,,,,,,,,,
21,,,,,,,,,,,,,,,,,,,,,
22,,,,,,,,,,,,,,,,,,,,,
23,,,,,,,,,,,,,,,,,,,,,
24,,,,,,,,,,,,,,,,,,,,,
25,,,,,,,,,,,,,,,,,,,,,
26,,,,,,,,,,,,,,,,,,,,,
27,,,,,,,,,,,,,,,,,,,,,
28,,,,,,,,,,,,,,,,,,,,,
29,,,,,,,,,,,,,,,,,,,,,
30,,,,,,,,,,,,,,,,,,,,,
31,,,,,,,,,,,,,,,,,,,,,
32,,,,,,,,,,,,,,,,,,,,,
33,,,,,,,,,,,,,,,,,,,,,
34,,,,,,,,,,,,,,,,,,,,,
35,,,,,,,,,,,,,,,,,,,,,
36,,,,,,,,,,,,,,,,,,,,,
37,,,,,,,,,,,,,,,,,,,,,
38,,,,,,,,,,,,,,,,,,,,,
39,,,,,,,,,,,,,,,,,,,,,
40,,,,,,,,,,,,,,,,,,,,,
41,,,,,,,,,,,,,,,,,,,,,
42,,,,,,,,,,,,,,,,,,,,,
43,,,,,,,,,,,,,,,,,,,,,
44,,,,,,,,,,,,,,,,,,,,,
45,,,,,,,,,,,,,,,,,,,,,
46,,,,,,,,,,,,,,,,,,,,,
47,,,,,,,,,,,,,,,,,,,,,
48,,,,,,,,,,,,,,,,,,,,,
49,,,,,,,,,,,,,,,,,,,,,
50,,,,,,,,,,,,,,,,,,,,,
