participant_id,ALV,AI_Agency,ODP
1,1.9,1.71,1.63
2,4.8,4.7,4.4
3,3.58,3.09,2.87
4,3.58,3.09,2.87
5,3.58,3.09,2.87
6,1.9,4.7,3.82
7,3.58,3.09,2.87
8,2.57,1.8,4.4
9,3.58,3.09,2.87
10,3.58,3.09,2.87
11,3.58,3.09,2.87
12,3.58,3.09,2.87
13,3.58,3.09,2.87
14,4.12,3.52,2.45
15,3.58,3.09,2.87
16,1.9,4.7,3.82
17,1.9,4.7,3.82
18,3.58,3.09,2.87
19,4.25,2.29,1.61
20,3.58,3.09,2.87
21,3.58,3.09,2.87
22,2.57,1.97,4.4
23,3.58,3.09,2.87
24,3.58,3.09,2.87
25,3.58,3.09,2.87
26,4.25,2.29,1.61
27,4.8,4.7,3.0
28,3.58,3.09,2.87
29,3.58,3.09,2.87
30,3.58,3.09,2.87
31,1.9,4.7,3.82
32,1.9,4.7,3.82
33,3.58,3.09,2.87
34,3.58,3.09,2.87
35,3.58,3.09,2.87
36,3.58,3.09,2.87
37,3.58,3.09,2.87
38,4.25,2.29,1.61
39,3.58,3.09,2.87
40,3.58,3.09,2.87
41,3.58,3.09,2.87
42,3.58,3.09,2.87
43,2.57,1.8,4.4
44,4.23,2.42,1.74
45,3.58,3.09,2.87
46,4.25,2.29,1.61
47,3.58,3.09,2.87
48,3.58,3.09,2.87
49,3.58,3.09,2.87
50,1.9,4.7,3.82
