participant_id,ODP_observed,ODP_predicted,Residual,Studentized_residual,Leverage,Cooks_D,Influence_flag
1,1.63,3.977108,-2.347108,-18.151017,0.417011,7.237399,Review
2,4.4,3.587359,0.812641,2.252455,0.393146,0.754868,Review
3,2.87,2.858649,0.011351,0.023484,0.021126,3e-06,OK
4,2.87,2.858649,0.011351,0.023484,0.021126,3e-06,OK
5,2.87,2.858649,0.011351,0.023484,0.021126,3e-06,OK
6,3.82,3.836673,-0.016673,-0.037207,0.158634,6.7e-05,OK
7,2.87,2.858649,0.011351,0.023484,0.021126,3e-06,OK
8,4.4,3.262145,1.137855,2.776815,0.175919,0.359117,Review
9,2.87,2.858649,0.011351,0.023484,0.021126,3e-06,OK
10,2.87,2.858649,0.011351,0.023484,0.021126,3e-06,OK
11,2.87,2.858649,0.011351,0.023484,0.021126,3e-06,OK
12,2.87,2.858649,0.011351,0.023484,0.021126,3e-06,OK
13,2.87,2.858649,0.011351,0.023484,0.021126,3e-06,OK
14,2.45,2.820669,-0.370669,-0.784155,0.050999,0.008331,OK
15,2.87,2.858649,0.011351,0.023484,0.021126,3e-06,OK
16,3.82,3.836673,-0.016673,-0.037207,0.158634,6.7e-05,OK
17,3.82,3.836673,-0.016673,-0.037207,0.158634,6.7e-05,OK
18,2.87,2.858649,0.011351,0.023484,0.021126,3e-06,OK
19,1.61,1.844063,-0.234063,-0.514334,0.12718,0.009793,OK
20,2.87,2.858649,0.011351,0.023484,0.021126,3e-06,OK
21,2.87,2.858649,0.011351,0.023484,0.021126,3e-06,OK
22,4.4,3.292448,1.107552,2.649022,0.153365,0.281029,Review
23,2.87,2.858649,0.011351,0.023484,0.021126,3e-06,OK
24,2.87,2.858649,0.011351,0.023484,0.021126,3e-06,OK
25,2.87,2.858649,0.011351,0.023484,0.021126,3e-06,OK
26,1.61,1.844063,-0.234063,-0.514334,0.12718,0.009793,OK
27,3.0,3.587359,-0.587359,-1.58589,0.393146,0.39435,Review
28,2.87,2.858649,0.011351,0.023484,0.021126,3e-06,OK
29,2.87,2.858649,0.011351,0.023484,0.021126,3e-06,OK
30,2.87,2.858649,0.011351,0.023484,0.021126,3e-06,OK
31,3.82,3.836673,-0.016673,-0.037207,0.158634,6.7e-05,OK
32,3.82,3.836673,-0.016673,-0.037207,0.158634,6.7e-05,OK
33,2.87,2.858649,0.011351,0.023484,0.021126,3e-06,OK
34,2.87,2.858649,0.011351,0.023484,0.021126,3e-06,OK
35,2.87,2.858649,0.011351,0.023484,0.021126,3e-06,OK
36,2.87,2.858649,0.011351,0.023484,0.021126,3e-06,OK
37,2.87,2.858649,0.011351,0.023484,0.021126,3e-06,OK
38,1.61,1.844063,-0.234063,-0.514334,0.12718,0.009793,OK
39,2.87,2.858649,0.011351,0.023484,0.021126,3e-06,OK
40,2.87,2.858649,0.011351,0.023484,0.021126,3e-06,OK
41,2.87,2.858649,0.011351,0.023484,0.021126,3e-06,OK
42,2.87,2.858649,0.011351,0.023484,0.021126,3e-06,OK
43,4.4,3.262145,1.137855,2.776815,0.175919,0.359117,Review
44,1.74,1.957698,-0.217698,-0.471911,0.103937,0.006569,OK
45,2.87,2.858649,0.011351,0.023484,0.021126,3e-06,OK
46,1.61,1.844063,-0.234063,-0.514334,0.12718,0.009793,OK
47,2.87,2.858649,0.011351,0.023484,0.021126,3e-06,OK
48,2.87,2.858649,0.011351,0.023484,0.021126,3e-06,OK
49,2.87,2.858649,0.011351,0.023484,0.021126,3e-06,OK
50,3.82,3.836673,-0.016673,-0.037207,0.158634,6.7e-05,OK
